"224 ","West End Girls ","3:55 ","Music ","Pet Shop Boys ",
"225 ","In The Air Tonight ","6:08 ","Music ","Phil Collins ",
"226 ","Don't Stop the Party ","3:25 ","Music ","Pitbull ",
"227 ","Rain Over Me ","3:38 ","Music ","Pitbull ",
"228 ","Timber ","3:30 ","Music ","",
"229 ","suavemente ","3:47 ","Music ","Pitbull Nayer ",
"230 ","Time Of Our Lives ","3:49 ","Music ","Pitbull Ne-Yo ",
"231 ","Fire ","3:27 ","Music ","",
"232 ","I'm So Excited ","4:49 ","Music ","The Pointer ",
"233 ","Slow Hand ","3:49 ","Music ","The Pointer ",
"234 ","i took a pill in ibiza ","3:16 ","Music ","Posner ",
"235 ","Circles ","3:32 ","Music ","Post Malone ",
"236 ","Don't get me wrong ","3:51 ","Music ","The Pretenderss ",
"237 ","Purple Rain ","8:40 ","Music ","Prince & the ",
"238 ","When Doves Cry ","5:54 ","Music ","Prince & the ",
"239 ","Another Night ","3:58 ","Music ","Real McCoy ",
"240 ","Run Away ","4:06 ","Music ","Real McCoy ",
"241 ","why ","3:35 ","Music ","rhianna ",
"242 ","I'm Too Sexy ","2:54 ","Music ","Right Said ",
"243 ","Diamonds ","3:44 ","Music ","Rihanna ",
"244 ","Love on the Brain ","3:43 ","Music ","Rihanna ",
"245 ","Only Girl ( In The World ) ","3:57 ","Music ","Rihanna ",
"246 ","Please Don't Stop the Music ","4:27 ","Music ","",
"247 ","Pon De Replay ","3:37 ","Music ","Rihanna ",
"248 ","Addicted to Love ","4:24 ","Music ","",
"249 ","Simply Irresistible ","4:14 ","Music ","Robert Palmer ",
"250 ","Some Like It Hot ","5:04 ","Music ","Robert Palmer ",
"251 ","Big Log ","4:57 ","Music ","Robert Plant ",
"252 ","I'm In The Mood (For A Melody) With Lryrics~ ","2:48 ","Music ","Robert Plant ",
