"","","Terry Bradford ",
"","","Thelma Houston ",
"","","Greatest Hits [Arista] ",
"","","Collectio. ",
"","","The Tokens ",
"","","",
"","","Tommy James & The ",
"","","Superhits of Rock: 19. ",
"","","",
"","","",
"","","one ",
"","","",
"","","",
"","","Van Halen ",
"","","Halen, Vol. ",
"","","Best of Van Halen, Vol. ",
"","","Van Halen ",
"","","the hustle ",
"","","Live and Sleazy [Rebo. ",
"","","Live and Sleazy [Rebo. ",
"","","",
"","","",
"","","The Final ",
"","","",
"","","",
"","","Attention ",
"","","",
"","","like jagger ",
