"281 ","Everybody Wants to Rule the World ","4:10 ","Music ","Tears For Fears ","Tears Roll Down ",
"282 ","Suspicius ","2:35 ","Music ","Terry Bradford ","",
"283 ","Don't leave me this way ","3:40 ","Music ","Thelma Houston ","",
"284 ","Hold Me Now ","4:47 ","Music ","Thompson Twins ","",
"285 ","Creep ","4:23 ","Music ","TLC ","The Platinum ",
"286 ","- The Lion Sleeps Tonight Lyrics(mp3) ","2:47 ","Music ","The Tokens ","",
"287 ","Help Yourself (Lyrics) ","2:53 ","Music ","Tom Jones ","Tom Jones ",
"288 ","Crimson and Clover ","5:22 ","Music ","Tommy James & The ","",
"289 ","Hold The Line, Love Isn't Always On Time 1978 ","3:57 ","Music ","Toto ","",
"290 ","Rosanna ","5:28 ","Music ","Toto ","Collections ",
"291 ","I Still Haven't Found What I'm Looking For ","4:38 ","Music ","U2 ","The Joshua Tree ",
"292 ","One ","4:38 ","Music ","U2 ","",
"293 ","Where the Streets Have No Name ","5:36 ","Music ","U2 ","The Joshua Tree ",
"294 ","(Oh) Pretty Woman ","2:54 ","Music ","Van Halen ","Van Halen ",
"295 ","Hot for Teacher ","4:43 ","Music ","Van Halen ","",
"296 ","Jump ","4:02 ","Music ","Van Halen ","Best of Van ",
"297 ","Panama ","3:32 ","Music ","Van Halen ","",
"298 ","You Really Got Me ","2:43 ","Music ","Van Halen ","",
"299 ","The Hustle ","3:59 ","Music ","Van McCoy ","",
"300 ","Hot Cop ","5:57 ","Music ","The Village People ","",
"301 ","Medley: San Francisco (You've Got Me)/In Holl. ","10:53 ","Music ","The Village People ","",
"303 ","Blinded Lights ","3:19 ","Music ","Weekend ","Weekend ",
"302 ","In the Night ","3:55 ","Music ","The Weekend ","In the Night ",
"304 ","Careless Whisper ","5:05 ","Music ","Wham! ","",
"305 ","Everything She Wants ","6:28 ","Music ","Wham! ","The Final ",
"306 ","Legs ","4:34 ","Music ","ZZ Top ","Eliminator ",
"307 ","Chanlie Puth - Attention ","3:51 ","Music ","","",
"308 ","el corazon ","4:54 ","Music ","","italian ",
"309 310 ","Gigi D'agostino - Stand By Me (Lento Violento)(1) italian mix ","3:00 11:14 ","Music Music ","","italian ",
