"109 ","Dancing In the Dark ","3:49 ","Music ","Dev ","dev ",
"110 ","Say so ","3:54 ","Music ","Doja Cat ","Doja Cat ",
"111 ","Dirty Laundry ","5:37 ","Music ","Don Henley ","Don Henley ",
"112 ","Danza Kuduro ","3:15 ","Music ","Don Omar ","dabza kuduro ",
"113 ","I Feel Love ","5:52 ","Music ","Donna Summer ","The Dance Collection ",
"114 ","One Dance ","2:11 ","Music ","Drake - Kyle & wizkid ","Drake - Kyle & wizkid ",
"115 ","Born to Be Alive ","3:10 ","Music ","Drew's Famous ","Dance Party Favorites ",
"116 ","It's Raining Men ","3:28 ","Music ","Drew's Famous ","Dance Party Favorites ",
"117 ","There Goes My Baby ","2:12 ","Music ","The Drifters ","Golden Hits ",
"118 ","Up On The Roof - Lyrics - ","2:43 ","Music ","The Drifters ","Drifters ",
"119 ","Eagles - One of these nights ","4:50 ","Music ","Eagles ","Eagles ",
"120 ","perfect ","4:28 ","Music ","Ed Sheeran ","Ed Sheeran ",
"121 ","Perfect ","4:24 ","Music ","Ed Sheeran, Andrea B. ","Perfect ",
"122 ","Take me home ","3:50 ","Music ","Eddie Money ","Eddie Money ",
"123 ","Stereo Love ","3:04 ","Music ","Edward Maya & Vika J ","maya ",
"124 ","Im Blue (Techno Remix) ","4:13 ","Music ","Eiffel 65 ","Europop ",
"125 ","Electric Slide ","4:09 ","Music ","Electric Slide ","Electric Slide ",
"126 ","""Bailando"Version English Lyrics ","4:31 ","Music ","Enrique Iglesias ","Enrique Iglesias ",
"127 ","Heart Beat ","4:25 ","Music ","Enrique Inglesias Nicol. ","Enrique Inglesias Nicol ",
"128 ","Shame ","6:40 ","Music ","Evelyn ""Champange' Ki. ","Evelyn 'Champange' Ki ",
"129 ","Missing ","4:59 ","Music ","Everything but the Girl ","100% Dance ",
"130 ","Kiss you all over ","4:55 ","Music ","Exile ","Exile ",
"131 ","Cheerleader ","2:58 ","Music ","Felix Jaehn ","Cheerleader ",
"132 ","Ain't nobody ","3:08 ","Music ","Felix Jaehn- Jasmine ","Ain't nobody ",
"133 ","work for home ","3:39 ","Music ","Fifth Harmony ","work for home ",
"134 ","Red Skies- ","4:13 ","Music ","The Fbx ","the fox ",
"135 ","Saved by Zero ","3:07 ","Music ","The Fbo ","One Thing Leads to A. ",
"136 ","Stand or Fall ","4:09 ","Music ","The Fox ","Ultimate Collection ",
"137 ","Club Can't Handle Me ","3:54 ","Music ","Flo Rida ","Party Time ",
