"195 ","L'Italiano ","","5:02 ","Music ","Louie ",
"196 ","turn me loose ","","3:50 ","Music ","Loverboy ",
"197 ","and she said ","","4:03 ","Music ","Lucas ",
"198 ","Don't call me up ","","2:58 ","Music ","Mabel ",
"199 ","Holiday ","","4:05 ","Music ","Madonna ",
"200 ","La Isla Bonita ","","3:47 ","Music ","Madonna ",
"201 ","Like a Virgin ","","3:10 ","Music ","Madonna ",
"202 ","True Blue ","","4:15 ","Music ","Madonna ",
"203 ","Vogue ","","5:18 ","Music ","Madonna ",
"204 ","My Wild Irish Rose ","","5:34 ","Music ","Magic ",
"205 ","I Need To Know ","","3:49 ","Music ","Marc ",
"206 ","You Sang to Me [Radio Edit] ","","5:27 ","Music ","Marc ",
"207 ","Moves Like Jagger ","","3:21 ","Music ","Maroon ",
"208 ","All About That Bass ","","3:09 ","Music ","Meghan ",
"209 ","Dear Future Husband ","","3:06 ","Music ","Meghan ",
"210 ","I Turn To You (Techno Remix) ","","6:59 ","Music ","Melanie ",
"211 ","Down Under ","","3:28 ","Music ","Men ",
"212 ","I Melt with You ","","3:47 ","Music ","Modern ",
"213 ","In The Summertime ","","3:34 ","Music ","Mongo ",
"214 ","girls like you ","","3:59 ","Music ","mooron ",
"215 ","Bye Bye Bye ","","3:19 ","Music ","N' Sync ",
"216 ","It's Gonna Be Me ","","3:26 ","Music ","N' Sync ",
"217 ","Say It Right ","","3:43 ","Music ","Nelly ",
"218 ","Close ","","4:09 ","Music ","Nick ",
"219 ","Where Do You Go ","","4:20 ","Music ","No ",
"220 ","Spirit In The Sky ","","3:57 ","Music ","Norman ",
"221 ","Kids ","","3:59 ","Music ","one ",
"222 ","hey yah ","","3:46 ","Music ","Outcast ",
"223 ","Always on My Mind ","","3:57 ","Music ","Pet ",
