"166 Take you dancing ","3:09 ","Music ","Jason Darulo ","Jason Darulo ",
"167 little crush ","3:26 ","Music ","jennefer paige ","little crush ",
"168 Dance Again ft. Pitbull ","3:55 ","Music ","Jennifer Lopez ","Jennifer Lopez ",
"169 On The Floor feat Pitbull ","3:49 ","Music ","Jennifer Lopez ","Jennifer Lopez ",
"170 Waiting for tonight ","4:07 ","Music ","Jennifer Lopez ","Jennifer Lopez ",
"171 New Lights ","3:36 ","Music ","John Mayer ","John Mayer ",
"172 Lovin', Touchin', Squeezin' ","3:58 ","Music ","Journey ","Journey's Greatest Hits ",
"173 Walking on Sunshine ","4:00 ","Music ","Katrina & The Waves ","Anthology ",
"174 Feels ","3:42 ","Music ","Katy Perry ","katy perry - ",
"175 Turn me on ","2:57 ","Music ","Kevin Lyttle ","Techno ",
"176 You Keep Me Hangin' On ","4:18 ","Music ","Kim Wilde ","The Singles Collection ",
"177 Dancing in the Moonlight ","2:48 ","Music ","King Harvest ","King Harvest ",
"178 Can't Get You Out of My Head ","3:50 ","Music ","Kylie Minogue ","Fever [UK] ",
"179 Be My Lover ","4:02 ","Music ","La Bouche ","100% Dance ",
"180 Sweet Dreams ","4:51 ","Music ","La Bouche ","1990's Dance ",
"181 Bulletproof ","3:29 ","Music ","La Roux ","Bulletproof ",
"182 Need You Know ","4:12 ","Music ","Lady Antebellum ","Need You Know ",
"183 Dance in the Dark ","4:49 ","Music ","Lady GaGa ","The Fame Monster ",
"184 Just Dance ","4:05 ","Music ","Lady GaGa ","Lady GaGa ",
"185 All My Love ","5:51 ","Music ","Led Zeppelin ","In Through the Out Doc. ",
"186 D'yer Maker ","4:22 ","Music ","Led Zeppelin ","Led Zeppelin ",
"187 Ocean's 12 ","3:53 ","Music ","led zepplin ","Techno ",
"188 Bleeding Love (Dance Mix) ","3:21 ","Music ","Leona Lewis ","Bleeding Love ",
"189 You Don't Own Me ","2:30 ","Music ","Lesley Gore ","20th Century Masters: ",
"190 - Prayer in C (Robin Schulz ","3:13 ","Music ","Lilly Wood & The Prick.. ","- Prayer in C ",
"191 All Around The World ","4:24 ","Music ","Lisa Stansfield ","1990's Dance ",
"192 Girl Crush ","3:25 ","Music ","Little Big Town ","Pain Killer ",
"193 The Loco-Motion lyrics ","3:20 ","Music ","Little Eva ","loco motion ",
"194 I've Been Thinking About You ","5:19 ","Music ","Londonbeat ","1990's Dance ",
