"138 ","Good Feeling ","3:57 ","Music ","Flo Rida ","like jagger ",
"139 ","I Cry ","3:40 ","Music ","Flo Rida ","Flo Rida ",
"140 ","I Ran ","5:08 ","Music ","A Flock of Seagulls ","A Flock of Seagulls ",
"141 ","Pumped Up Kicks ","4:15 ","Music ","Foster the People/Mar. ","like jagger ",
"142 ","Working My Way Back to You ","3:02 ","Music ","The Four Seasons ","The Four Seasons ",
"143 ","Relax don't do it ","3:53 ","Music ","Frankie Goes To Holly. ","Frankie goes to ",
"144 ","Sherry ","2:39 ","Music ","Frankie Valli ","Frankie Valli ",
"145 ","Capsize ","4:07 ","Music ","Freindship & Emily W. ","Freindship & Emily ",
"146 ","Unforgeatable ","3:52 ","Music ","French Montana ","French Montana - ",
"147 ","You Don't Own Me ","3:11 ","Music ","G-Eazy/Grace ","You Don't Own Me ",
"148 ","Fastlove ","5:32 ","Music ","George Michael ","fast love ",
"150 ","dancer ","3:30 ","Music ","gino soccio ","gino soccio ",
"149 ","Rhythm Is A Dancer ","5:31 ","Music ","gino soccio ","100% Dance ",
"151 ","Rhythm Is Gonna Get You ","3:56 ","Music ","Gloria Estefan;Rafael ","Greatest Hits ",
"152 ","Crazy ","2:55 ","Music ","Gnarles Barkley ","Crazy ",
"311 ","Let's live for today ","2:46 ","Music ","Grass Roots ","Grass Roots ",
"153 ","The Breakup Song (They Don't Write 'Em) ","2:51 ","Music ","Greg Kihn Band ","Greg Kihn Band ",
"154 ","Jeopardy ","4:24 ","Music ","Greg Kihn Band ","Entertainment Weekly. ",
"155 ","November Rain ","7:10 ","Music ","Guns N' Roses ","Use Your Illusion I ",
"156 ","take me home ","3:46 ","Music ","a ha ","take me home ",
"157 ","What Is Love ","4:31 ","Music ","Haddaway ","1990's Dance ",
"158 ","All I Wanna Do Is Make Love to You ","5:07 ","Music ","Heart ","Heart ",
"159 ","Never ","4:03 ","Music ","Heart ","Heart ",
"160 ","Straight On ","4:26 ","Music ","Heart ","Heart ",
"161 ","Someone New ","3:42 ","Music ","Hozier ","Someone New ",
"162 ","Don't You Want Me ","3:26 ","Music ","The Human League ","human league ",
"163 ","Human ","3:48 ","Music ","The Human League ","human league ",
"164 ","shots ","4:00 ","Music ","Imagine Dragons ","shots ",
"165 ","Sweat la la la ","4:27 ","Music ","inner circle ","Sweat la la la ",
