"","","All-Time Greatest Hits ",
"","Barry White ","All-Time Greatest Hits ",
"","","All-Time Greatest Hits ",
"","","All-Time Greatest Hits ",
"","","All-Time Greatest Hits ",
"","Basshunter ","Diverse ",
"","","Diverse ",
"","The Beach Boys ","Greatest Hits, Vol. 1 ",
"","","Beach Boys ",
"","","Beach Boys ",
"","","Greatest Hits, Vol. 1 ",
"","","Beach Boys ",
"","","Beach Boys ",
"","","Blue Album ",
"","","Blue Album ",
"","","Volume 1 ",
"","","Blue Album ",
"","","Blue Album ",
"","","saturday night fever ",
"","","saturday night fever ",
"","Bee Gees ","saturday night fever ",
"","","benee ",
"","Berlin ","Count Three & Pray ",
"","","I Am. Sasha Fierce ",
"","","Beyoncé ",
"","","Beyoncé ",
"","","Bille Idol ",
"","Billy Idol ","Billy Idol ",
"","","Billy Idol ",
