"52 ","mony mony ","5:01 ","Music ","Billy Idol ","Billy Idol ",
"53 ","rebel yell ","4:45 ","Music ","Billy Idol ","Billy Idol ",
"50 ","to be a lover ","3:51 ","Music ","Billy Idol ","vitol idol ",
"54 ","White wedding ","4:09 ","Music ","Billy Idol ","Billy Idol ",
"55 ","A Matter of Trust ","4:12 ","Music ","Billy Joel ","Billy Joel ",
"56 ","Uptown Girl ","3:15 ","Music ","Billy Joel ","Disc 2 ",
"57 ","You're Only Human (Second Wind) ","4:48 ","Music ","Billy Joel ","Disc 2 ",
"58 ","Caribbean Queen (No More Love on the Run) ","3:39 ","Music ","Billy Ocean ","Greatest Hits [Jive] ",
"59 ","In the Dark ","4:07 ","Music ","Billy Squier ","Don't Say No ",
"60 ","I can help ","3:57 ","Music ","Billy Swan ","Billy Swan ",
"61 ","Everybody, Everybody ","4:09 ","Music ","Black Box ","1990's Dance ",
"62 ","Heart of galss ","3:43 ","Music ","Blondie ","Heart of glass ",
"63 ","Jamming ","3:33 ","Music ","Bob Marley & the Wail. ","Legend [Bonus Tracks ",
"64 ","One Love/People Get Ready ","2:53 ","Music ","Bob Marley & the Wail. ","Legend [Bonus Tracks ",
"65 ","I'll Be There For You ","5:40 ","Music ","Bon Jovi ","Bon Jovi ",
"66 ","It's My Life ","3:45 ","Music ","Bon Jovi ","Bon Jovi ",
"67 ","Runaway ","3:53 ","Music ","Bon Jovi ","Bon Jovi ",
"68 ","Green Onions ","2:53 ","Music ","Booker T. & The MG's ","Green Onions ",
"69 ","Oops! I Did It Again ","3:25 ","Music ","Britney spears ","Oops! I Did It Again ",
"70 ","Dancing in the Dark ","4:02 ","Music ","Bruce Springsteen ","Greatest Hits ",
"71 ","I'm On Fire ","2:33 ","Music ","Bruce Springsteen ","Kuschelrock, Vol. 3 ",
"72 ","Street of Philadelphia ","3:31 ","Music ","Bruce Springsteen ","Bruce Springsteen ",
"73 ","fire ","4:10 ","Music ","Bruce Springstein ","fire ",
"74 ","Promises ","3:33 ","Music ","Calvin Harris ","Calvin Harris ",
"75 ","one kiss ","3:31 ","Music ","Calvin Harris, Dua Lipa ","Calvin Harris, Dua Lipa ",
"76 ","HAVANNA ","3:35 ","Music ","Camila Cabello - Hava. ","Camila Cabello Hava. ",
"77 ","Drive ","3:54 ","Music ","The Cars ","Greatest Hits ",
"78 ","Heartbeat City ","4:30 ","Music ","The Cars ","Greatest Hits ",
"79 ","Roses ","3:47 ","Music ","The Chainsmokers ","Roses ",
