"253 ","Blurred Lines ","4:19 ","Music ","Robin Thicke ","Robin Thicke ",
"254 ","Miss You ","3:33 ","Music ","The Rolling Stones ","Jump Back: The Best ",
"255 ","Start Me Up ","3:43 ","Music ","The Rolling Stones ","The Rolling Stones ",
"256 ","Talking in Your Sleep ","3:58 ","Music ","The Romantics ","The Romantics ",
"257 ","Ronettes - Be My Little Baby - Dirty Dancing ","2:39 ","Music ","The Ronettes ","like jagger ",
"258 ","Oh Pretty Woman ","3:01 ","Music ","Roy Orbison ","Roy Orbison ",
"259 ","Never as Good as the First Time ","3:58 ","Music ","Sade ","The Best of Sade ",
"260 ","No Ordinary Love ","7:18 ","Music ","Sade ","The Best of Sade ",
"261 ","Smooth Operator ","4:17 ","Music ","Sade ","The Best of Sade ",
"262 ","Dancing with a stranger ","2:58 ","Music ","Sam Smith ","Sam Smith ",
"263 ","The game of love ","3:48 ","Music ","Santana Michell Branch ","Santana Michell Branci ",
"264 ","I'll Fly With You ","5:15 ","Music ","Sarina Paris Remix) ","Trance Voices volume ",
"265 ","No One Like You ","3:55 ","Music ","Scorpions ","Wind of Change ",
"266 ","Wind of Change ","5:12 ","Music ","Scorpions ","Wind of Change ",
"267 ","Crazy ","5:55 ","Music ","Seal ","Seal [1991] ",
"268 ","Love You Like A Love Song Baby ","3:08 ","Music ","Selena Gomez ","Love You Like A Love ",
"269 ","whenever, wherever spanish ","19:15 ","Music ","Shakira ","Grandes Exitos ",
"270 ","Seniorita ","3:09 ","Music ","Shaun Mandes, Camil. ","Shaun Mandes, Camil. ",
"271 ","cheap thrills ","3:44 ","Music ","Sia Ft. Sean Paul ","cheap thrills ",
"272 ","Thunderclouds ","3:06 ","Music ","Sia, Diplo, Labrinth ","Sia, Diplo, Labrinth ",
"273 ","Hot Fun in the Summertime ","2:39 ","Music ","Sly & The Family Stone ","Hot fun in the summer ",
"274 ","tainted love ","4:13 ","Music ","Soft Cell ","tainted love ",
"312 ","It feels so good ","3:49 ","Music ","Sonique ","Sonique ",
"275 ","Na Na Hey Hey (Kiss Him Goodbye) ","4:12 ","Music ","Steam ","There Was Love (The ",
"276 ","Abracadabra ","5:06 ","Music ","Steve Miller Band ","Abracadabra ",
"277 ","you make feel mighty reaol ","6:36 ","Music ","Sylvester ","The Original Hits ",
"278 ","Tainted Love ","2:36 ","Music ","Tainted Love ","tainted love ",
"279 ","boogie oogie oogie ","5:24 ","Music ","A Taste Of Honey ","boogie oogie oogie ",
